published_at,title,url,source
2024-08-25 16:15:04+00:00,Today’s news in a nutshell,https://english.khabarhub.com/2024/25/389146/,Khabarhub.com
2024-09-04 12:00:32+00:00,"NEPSE falls 90.73 points, ending at 2,739.46 with total volume of Rs. 12.92 billion",https://english.khabarhub.com/2024/04/394107/,Khabarhub.com
2024-09-08 02:15:04+00:00,Economic Digest: Nepal’s Business News in a Snap,https://english.khabarhub.com/2024/08/395268/,Khabarhub.com
2024-09-08 10:45:33+00:00,"NEPSE falls by 25 points, turnover exceeds Rs 10 billion",https://english.khabarhub.com/2024/08/395522/,Khabarhub.com
2024-08-31 20:52:28+00:00,NEPSE TMS LOGIN 91,https://nep123.com/nepse-tms-login-91/,Nep123.com
2024-08-28 16:15:03+00:00,Today’s news in a nutshell,https://english.khabarhub.com/2024/28/390603/,Khabarhub.com
2024-09-05 02:15:13+00:00,Economic Digest: Nepal’s Business News in a Snap,https://english.khabarhub.com/2024/05/394188/,Khabarhub.com
2024-08-31 18:56:17+00:00,NEPSE TMS LOGIN 72,https://nep123.com/nepse-tms-login-72/,Nep123.com
2024-09-02 02:15:25+00:00,Economic Digest: Nepal’s Business News in a Snap,https://english.khabarhub.com/2024/02/392914/,Khabarhub.com
2024-08-28 10:45:14+00:00,NEPSE Index edges up 0.13% as investment sector shines,https://english.khabarhub.com/2024/28/390476/,Khabarhub.com
2024-09-03 02:15:33+00:00,Economic Digest: Nepal’s Business News in a Snap,https://english.khabarhub.com/2024/03/393295/,Khabarhub.com
2024-09-03 10:45:08+00:00,NEPSE Index shows modest 0.24 percent increase,https://english.khabarhub.com/2024/03/393728/,Khabarhub.com
2024-08-31 16:47:48+00:00,NEPSE TMS LOGIN 58,https://nep123.com/nepse-tms-login-58/,Nep123.com
2024-08-31 16:41:59+00:00,NEPSE TMS LOGIN 57,https://nep123.com/nepse-tms-login-57/,Nep123.com
2024-08-31 18:19:01+00:00,NEPSE TMS LOGIN 66,https://nep123.com/nepse-tms-login-66/,Nep123.com
2024-08-31 15:55:52+00:00,NEPSE TMS LOGIN 54,https://nep123.com/nepse-tms-login-54/,Nep123.com
2024-08-31 20:38:59+00:00,NEPSE TMS LOGIN 89,https://nep123.com/nepse-tms-login-89/,Nep123.com
2024-08-31 20:24:47+00:00,NEPSE TMS LOGIN 86,https://nep123.com/nepse-tms-login-86/,Nep123.com
2024-09-09 16:08:57+00:00,Today’s news in a nutshell,https://english.khabarhub.com/2024/09/395683/,Khabarhub.com
2024-08-22 02:15:28+00:00,Economic Digest: Nepal’s Business News in a Snap,https://english.khabarhub.com/2024/22/387056/,Khabarhub.com
2024-08-25 02:15:35+00:00,Economic Digest: Nepal’s Business News in a Snap,https://english.khabarhub.com/2024/25/387542/,Khabarhub.com
2024-08-31 20:46:54+00:00,NEPSE TMS LOGIN 90,http://nep123.com/nepse-tms-login-90/,Nep123.com
2024-08-31 20:28:39+00:00,NEPSE TMS LOGIN 87,http://nep123.com/nepse-tms-login-87/,Nep123.com
2024-08-31 20:01:54+00:00,NEPSE TMS LOGIN 84,http://nep123.com/nepse-tms-login-84/,Nep123.com
2024-08-31 17:35:48+00:00,NEPSE TMS LOGIN 63,https://nep123.com/nepse-tms-login-63/,Nep123.com
2024-08-31 18:33:34+00:00,NEPSE TMS LOGIN 68,https://nep123.com/nepse-tms-login-68/,Nep123.com
2024-08-31 18:50:12+00:00,NEPSE TMS LOGIN 71,https://nep123.com/nepse-tms-login-71/,Nep123.com
2024-08-31 20:01:54+00:00,NEPSE TMS LOGIN 84,https://nep123.com/nepse-tms-login-84/,Nep123.com
2024-08-31 19:56:27+00:00,NEPSE TMS LOGIN 83,https://nep123.com/nepse-tms-login-83/,Nep123.com
2024-09-04 16:15:38+00:00,Today’s news in a nutshell,https://english.khabarhub.com/2024/04/394094/,Khabarhub.com
2024-09-02 11:10:29+00:00,NEPSE bounces back with 127-point gain,https://english.khabarhub.com/2024/02/393304/,Khabarhub.com
2024-09-06 02:15:49+00:00,Economic Digest: Nepal’s Business News in a Snap,https://english.khabarhub.com/2024/06/394394/,Khabarhub.com
2024-09-07 02:15:13+00:00,Economic Digest: Nepal’s Business News in a Snap,https://english.khabarhub.com/2024/07/394795/,Khabarhub.com
2024-08-31 16:00:31+00:00,NEPSE TMS LOGIN 53,https://nep123.com/nepse-tms-login-53-2/,Nep123.com
2024-08-31 19:24:17+00:00,NEPSE TMS LOGIN 77,https://nep123.com/nepse-tms-login-77/,Nep123.com
2024-08-31 19:16:07+00:00,NEPSE TMS LOGIN 76,https://nep123.com/nepse-tms-login-76/,Nep123.com
2024-08-31 18:16:04+00:00,NEPSE TMS LOGIN 65,https://nep123.com/nepse-tms-login-65/,Nep123.com
2024-09-03 16:00:44+00:00,Today’s news in a nutshell,https://english.khabarhub.com/2024/03/393877/,Khabarhub.com
2024-08-25 10:45:05+00:00,"NEPSE falls 2.68% to 2,894.57",https://english.khabarhub.com/2024/25/389009/,Khabarhub.com
2024-08-31 20:46:54+00:00,NEPSE TMS LOGIN 90,https://nep123.com/nepse-tms-login-90/,Nep123.com
2024-08-31 20:32:24+00:00,NEPSE TMS LOGIN 88,https://nep123.com/nepse-tms-login-88/,Nep123.com
2024-08-31 20:28:39+00:00,NEPSE TMS LOGIN 87,https://nep123.com/nepse-tms-login-87/,Nep123.com
2024-08-31 18:40:08+00:00,NEPSE TMS LOGIN 69,https://nep123.com/nepse-tms-login-69/,Nep123.com
2024-08-31 18:44:59+00:00,NEPSE TMS LOGIN 70,https://nep123.com/nepse-tms-login-70/,Nep123.com
2024-08-31 18:29:13+00:00,NEPSE TMS LOGIN 67,https://nep123.com/nepse-tms-login-67/,Nep123.com
2024-08-31 17:29:00+00:00,NEPSE TMS LOGIN 62,https://nep123.com/nepse-tms-login-62/,Nep123.com
2024-08-31 19:05:32+00:00,NEPSE TMS LOGIN 74,https://nep123.com/nepse-tms-login-74/,Nep123.com
2024-08-31 19:01:03+00:00,NEPSE TMS LOGIN 73,https://nep123.com/nepse-tms-login-73/,Nep123.com
2024-08-31 19:51:14+00:00,NEPSE TMS LOGIN 82,https://nep123.com/nepse-tms-login-82/,Nep123.com
2024-08-31 19:09:43+00:00,NEPSE TMS LOGIN 75,https://nep123.com/nepse-tms-login-75/,Nep123.com
2024-08-31 19:30:58+00:00,NEPSE TMS LOGIN 78,https://nep123.com/nepse-tms-login-78/,Nep123.com
2024-08-31 19:45:13+00:00,NEPSE TMS LOGIN 81,https://nep123.com/nepse-tms-login-81/,Nep123.com
2024-08-29 02:15:05+00:00,Economic Digest: Nepal’s Business News in a Snap,https://english.khabarhub.com/2024/29/390481/,Khabarhub.com
2024-08-31 11:39:28+00:00,NEPSE TMS LOGIN 53,https://nep123.com/nepse-tms-login-53/,Nep123.com
2024-08-31 20:38:59+00:00,NEPSE TMS LOGIN 89,http://nep123.com/nepse-tms-login-89/,Nep123.com
2024-08-31 20:24:47+00:00,NEPSE TMS LOGIN 86,http://nep123.com/nepse-tms-login-86/,Nep123.com
2024-08-31 20:56:53+00:00,NEPSE TMS LOGIN 92,https://nep123.com/nepse-tms-login-92/,Nep123.com
2024-08-31 21:01:19+00:00,NEPSE TMS LOGIN 94,https://nep123.com/nepse-tms-login-94/,Nep123.com
2024-08-31 17:13:50+00:00,NEPSE TMS LOGIN 60,https://nep123.com/nepse-tms-login-60/,Nep123.com
2024-08-31 17:24:47+00:00,NEPSE TMS LOGIN 61,https://nep123.com/nepse-tms-login-61/,Nep123.com
2024-08-31 20:32:24+00:00,NEPSE TMS LOGIN 88,http://nep123.com/nepse-tms-login-88/,Nep123.com
2024-08-31 21:01:19+00:00,NEPSE TMS LOGIN 94,http://nep123.com/nepse-tms-login-94/,Nep123.com
2024-08-31 20:56:53+00:00,NEPSE TMS LOGIN 92,http://nep123.com/nepse-tms-login-92/,Nep123.com
2024-08-31 20:52:28+00:00,NEPSE TMS LOGIN 91,http://nep123.com/nepse-tms-login-91/,Nep123.com
2024-09-09 02:15:04+00:00,Economic Digest: Nepal’s Weekly Business News in a Snap,https://english.khabarhub.com/2024/09/395564/,Khabarhub.com
2024-09-10 02:15:58+00:00,Economic Digest: Nepal’s Weekly Business News in a Snap,https://english.khabarhub.com/2024/10/395769/,Khabarhub.com
2024-09-04 02:15:48+00:00,Economic Digest: Nepal’s Business News in a Snap,https://english.khabarhub.com/2024/04/393765/,Khabarhub.com
2024-08-30 02:15:15+00:00,Economic Digest: Nepal’s Business News in a Snap,https://english.khabarhub.com/2024/30/391220/,Khabarhub.com
2024-08-29 10:15:38+00:00,"NEPSE drops 36.83 points to close at 2,749.57",https://english.khabarhub.com/2024/29/391208/,Khabarhub.com
2024-08-29 16:19:13+00:00,Today’s news in a nutshell,https://english.khabarhub.com/2024/29/391364/,Khabarhub.com
2024-08-26 02:15:10+00:00,Weekly Economic Digest: NEPSE recovers slightly as gold prices fluctuate,https://english.khabarhub.com/2024/26/389145/,Khabarhub.com
2024-09-11 16:06:25+00:00,NEPSE Experiences Significant Decline Amid Market Correction,https://nep123.com/nepse-experiences-significant-decline-amid-market-correction/,Nep123.com
2024-09-09 10:15:44+00:00,NEPSE declines by 55 points with turnover at 9.5 billion,https://english.khabarhub.com/2024/09/395753/,Khabarhub.com
